match_id,victoires_dom_5,nuls_dom_5,defaites_dom_5,victoires_ext_5,nuls_ext_5,defaites_ext_5,buts_marques_dom_moy,buts_encaisses_dom_moy,buts_marques_ext_moy,buts_encaisses_ext_moy,h2h_dom_wins,h2h_nuls,h2h_ext_wins,resultat
2,0,0,0,0,0,0,1.2,1.2,1.2,1.2,0,0,0,0
3,0,0,0,0,0,0,1.2,1.2,1.2,1.2,0,0,0,2
4,0,0,0,0,0,0,1.2,1.2,1.2,1.2,0,0,0,0
5,0,0,0,0,0,0,1.2,1.2,1.2,1.2,0,0,0,1
1,0,0,0,0,0,0,1.2,1.2,1.2,1.2,0,0,0,2
6,0,0,1,1,0,0,0,2,2,1,0,0,0,0
7,0,0,1,1,0,0,1,2,3,1,0,0,0,0
8,1,0,0,0,0,1,2,0,0,1,0,0,0,1
9,0,0,1,0,1,0,1,3,1,1,0,0,0,0
10,1,0,0,0,0,0,1,0,1.2,1.2,0,0,0,1
11,2,0,0,2,0,0,2,0.5,2,0.5,0,0,0,1
12,0,1,1,0,0,2,0,0.5,0,2,0,0,0,2
13,1,1,0,0,0,2,2,0.5,0.5,1.5,0,0,0,2
14,0,1,0,1,1,0,1,1,1,0,0,0,0,2
15,0,1,0,0,0,2,1,1,0.5,3,0,0,0,1
16,1,1,1,2,1,0,0.67,0.67,2,1,0,0,0,2
17,2,1,0,2,1,0,2,1,1.67,0.33,0,0,0,0
18,0,0,3,1,1,0,0.33,2,2,0.5,0,0,0,0
19,0,0,3,0,2,0,0.33,1.33,1,1,0,0,0,2
20,1,1,1,1,1,0,0.67,1,1,0.5,0,0,0,0
21,2,1,1,3,1,0,1.5,1,2,0.25,0,0,0,1
22,2,1,0,2,1,1,2,0.67,0.75,0.5,0,0,0,1
23,0,2,1,2,1,1,0.67,1.67,1.5,1.5,0,0,0,1
24,2,1,0,0,0,4,1,0.33,0.5,2,0,0,0,1
25,0,1,2,1,0,3,0.67,2.33,1,1,0,0,0,1
26,2,2,0,2,2,1,1.5,0.5,1.4,1,0,0,0,0
27,3,2,0,0,3,1,1.8,0.4,0.75,1.5,0,1,0,2
28,2,2,1,2,2,0,0.6,0.4,1.25,0.75,0,0,1,1
29,2,2,1,0,2,2,1.4,1.4,0.75,2,1,0,0,1
30,0,1,4,1,1,2,0.8,2,0.5,1,0,0,1,0
31,2,2,1,0,3,2,1.33,0.83,0.6,1.6,0,0,0,2
32,2,3,0,2,2,1,1.4,1,1.2,0.6,0,1,0,2
33,0,3,2,4,1,0,1,2,1.83,0.33,0,0,1,2
34,2,1,2,2,3,0,0.8,1,0.83,0.67,0,1,0,2
35,1,1,3,1,3,1,1,1,1.5,1.5,0,0,1,0
36,2,3,0,2,2,1,1.5,1,1.43,0.86,0,0,0,0
37,0,2,3,1,3,1,0.67,1.67,1,1.67,0,1,0,0
38,2,1,2,2,1,2,1.17,0.83,1.17,0.83,1,0,0,1
39,3,1,1,1,1,3,1.57,0.43,0.83,1.17,1,0,0,2
40,2,2,1,0,1,4,0.71,1,0.83,2,1,0,0,0
41,3,1,1,2,3,0,1.63,0.88,1.14,1.43,0,0,0,2
42,2,1,2,2,2,1,1.14,0.86,1.43,1.29,0,0,1,0
43,1,1,3,0,1,4,0.86,1.43,0.57,1.71,1,0,0,2
44,1,1,3,1,2,2,1,1.71,1.14,0.86,0,0,1,2
45,1,3,1,3,1,1,1.57,1.29,1.75,0.5,0,0,1,2
46,2,1,2,4,1,0,1.13,1,1.67,0.89,0,0,0,0
47,2,2,1,2,1,2,1.13,1.5,0.88,1.25,0,1,0,1
48,2,2,1,2,1,2,1.5,1.25,1.13,1.5,0,1,0,1
49,0,1,4,2,2,1,0.5,1.63,1.63,1.13,0,1,0,1
50,0,2,3,1,2,2,1,1,0.63,1.13,0,1,0,2
51,5,0,0,0,0,0,1.2,1.2,1.2,1.2,0,0,0,1
52,2,2,1,0,0,0,1.2,1.2,1.2,1.2,0,0,0,1
53,2,3,0,2,2,1,1.2,1.2,1.2,1.2,1,1,0,1
54,0,2,3,2,2,1,1.2,1.2,1.2,1.2,0,1,1,2
55,2,1,2,0,1,4,1.2,1.2,1.2,1.2,1,1,0,2
56,1,1,3,0,0,0,1.2,1.2,1.2,1.2,0,0,0,0
57,0,0,0,0,0,0,1.2,1.2,1.2,1.2,0,0,0,0
58,0,0,0,0,0,0,1.2,1.2,1.2,1.2,0,0,0,2
59,2,2,1,4,1,0,1,1,2,2,0,0,1,2
60,0,1,0,2,3,0,2,2,1,1,0,0,0,1
61,0,1,0,1,1,3,1,1,1,0,0,0,0,1
62,2,2,1,3,0,2,1,1,2,0,1,0,1,1
63,2,1,2,1,1,3,0,1,1,2,1,1,0,2
64,0,1,4,0,0,1,0,2,0,2,0,0,0,2
65,1,0,0,1,0,0,2,1,1,0,0,0,0,2
66,1,0,0,0,0,1,2,0,0,1,0,0,0,2
67,3,1,1,2,3,0,1,2,1,1,0,1,0,2
68,1,1,3,3,2,0,1,0.5,1.5,0.5,1,0,1,0
69,2,1,2,0,2,0,1.5,0.5,1.5,1.5,0,0,0,1
70,1,1,3,0,2,0,1,2,1,1,0,0,0,0
71,0,0,2,1,3,1,0.5,2.5,1,1,0,0,0,0
72,1,0,1,2,1,2,1,1.5,1,1,0,0,0,2
73,0,0,2,1,1,3,0.5,1.5,1.5,1.5,0,0,0,1
74,2,0,0,2,0,0,2,0.5,2.5,1,0,0,0,2
75,1,1,3,3,1,1,1,1,1.67,1.33,1,0,0,2
76,1,3,1,2,2,1,0.67,1.67,1.33,0.67,1,0,1,2
77,3,2,0,1,0,4,1.67,0.67,0.67,2.33,1,0,1,2
78,0,3,0,0,0,3,1.33,1.33,0.33,2.67,0,0,0,1
79,1,2,0,2,0,1,1.67,0.67,1.67,1,0,0,0,0
80,1,3,1,0,1,2,1.67,0.67,1,1.67,0,0,0,2
81,2,1,2,3,0,0,0.67,1.67,2.33,0.67,0,0,0,1
82,1,2,2,2,0,1,1.67,1.67,2,1.67,0,0,0,2
83,2,1,2,1,2,2,1.5,1.75,1,0.75,0,1,0,2
84,1,0,4,2,1,2,0.5,2,1.5,1,1,1,0,0
85,0,1,3,1,3,1,0.5,2.25,0.75,1.25,0,0,0,1
86,3,0,1,3,2,0,1.75,0.75,1.5,0.5,0,0,0,2
87,0,1,3,0,4,0,0.75,2,1.25,1.25,0,0,0,1
88,3,1,0,1,2,1,2.25,1,1.25,1,0,0,0,2
89,2,0,2,2,3,0,1.75,1.75,2,0.5,0,0,0,2
90,2,2,1,1,2,2,1.75,1.5,1,1.75,0,0,0,2
91,0,0,5,2,1,2,0.6,2.2,1.6,1.4,0,0,1,2
92,1,2,2,0,2,3,0.8,1,0.6,2,0,0,0,2
93,3,1,1,4,0,1,1.8,1,1.8,0.8,0,0,0,0
94,1,3,1,0,2,3,0.8,1.2,1,2,0,0,0,2
95,3,1,1,4,1,0,1.4,0.8,2.4,0.8,0,0,0,2
96,0,5,0,3,0,2,1.4,1.4,1.6,1.4,0,0,0,1
97,1,2,2,3,1,1,1,1.4,1.8,1.2,0,0,0,0
98,2,2,1,1,1,3,1.6,0.6,0.8,1.8,0,0,0,1
99,2,0,3,0,2,3,1.5,1.5,0.5,2.17,0,0,0,0
100,4,0,1,1,0,4,1.83,0.67,0.83,2,0,0,0,1
101,0,2,3,1,2,2,1,2.17,1.17,0.83,0,0,0,0
102,3,1,1,2,1,2,2,1,1.5,1.17,0,0,0,0
103,2,1,2,2,2,1,1.33,1.17,1.17,1.17,0,0,0,1
104,4,1,0,4,0,1,1.83,1,1.5,0.67,0,0,0,0
105,1,2,2,0,5,0,0.83,1.67,1.17,1.17,0,0,0,1
106,2,2,1,1,1,3,1.5,0.67,0.83,1.5,0,0,0,1
107,4,1,0,2,0,3,1.71,0.71,1.43,1.71,0,0,0,2
108,1,2,2,0,2,3,0.86,2,0.86,2.29,0,0,0,2
109,1,1,3,2,1,2,0.86,1.86,1.86,1.29,0,0,0,2
110,2,1,2,1,2,2,1.43,0.71,1.14,1,0,0,0,1
111,3,0,2,3,1,1,1.71,1.14,1.57,1.14,0,0,0,2
112,2,2,1,0,3,2,1,1,0.86,1.57,0,0,0,2
113,4,0,1,2,2,1,1.57,0.57,1.43,0.71,0,0,0,2
114,0,5,0,1,1,3,1.14,1.14,0.86,1.43,0,0,0,0
115,1,0,4,0,1,4,1.25,1.63,0.75,2.25,0,0,0,2
116,1,1,3,4,1,0,1.75,1.38,1.63,0.63,0,0,0,2
117,1,3,1,2,2,1,1.13,1,1,1.75,0,0,0,1
118,3,0,2,2,1,2,1.5,1.38,1,1.75,0,0,0,2
119,0,3,2,2,1,2,0.88,1.75,1.38,0.75,0,0,0,0
120,1,2,2,4,0,1,1.25,1,1.88,1.13,0,0,0,0
121,1,1,3,3,2,0,1.13,1.25,1.25,1,0,0,0,1
122,0,4,1,4,0,1,1,1.38,1.75,0.5,0,0,0,1
123,2,0,3,2,0,3,1.67,1.22,1.33,1.56,0,0,0,2
124,0,1,4,1,4,0,0.78,2.22,1.11,1,0,0,0,2
125,3,1,1,3,0,2,1.44,0.67,1.44,1.22,0,0,0,2
126,2,2,1,0,2,3,1,1.67,0.89,1.78,0,0,0,2
127,2,1,2,0,2,3,0.89,1.67,1.11,1.11,0,0,0,2
128,3,1,1,1,2,2,1.44,0.78,1.11,1.22,0,0,0,1
129,4,0,1,0,4,1,1.89,1,1.11,1.44,0,0,0,2
130,2,3,0,3,1,1,1.22,1,1.78,0.67,0,0,0,0
131,1,0,4,0,4,1,1.2,1.5,1,1,0,0,0,2
132,2,0,3,2,0,3,1.3,1.2,1.6,1.1,0,0,0,0
133,0,2,3,1,0,4,0.9,1.8,0.8,2,0,0,0,1
134,0,2,3,3,1,1,1,1.3,1.4,0.6,0,0,0,1
135,1,3,1,3,1,1,1.2,1.3,1.1,1.6,0,0,0,0
136,0,3,2,3,1,1,1,1.4,1.1,1.5,0,0,0,0
137,4,1,0,3,2,0,1.9,0.6,1.5,0.9,0,0,0,1
138,2,2,1,4,0,1,1.1,1.2,1.8,0.9,0,0,0,2
139,1,0,4,2,0,3,1.18,1.27,1.18,1.36,0,0,1,1
140,0,3,2,0,2,3,0.91,1,0.91,1.73,0,0,0,0
141,3,0,2,0,2,3,1.64,1,1,1.27,0,0,0,2
142,1,1,3,1,3,1,0.82,1.91,1.18,1.45,0,0,0,2
143,2,2,1,0,2,3,1.36,0.64,0.91,1.36,0,0,0,1
144,4,1,0,3,2,0,1.27,1.55,1.82,0.64,0,0,0,0
145,3,1,1,2,2,1,1.09,1.36,1.18,1.18,0,0,0,0
146,2,3,0,4,0,1,1.45,0.91,1.73,1,0,0,0,2
147,2,1,2,1,1,3,1.17,1.33,1.08,1.58,1,0,0,2
148,0,1,4,1,1,3,0.92,1.25,1.17,1.25,1,1,0,2
149,1,2,2,0,2,3,1.08,1.42,0.83,1.17,0,0,0,1
150,0,2,3,4,0,1,0.83,1.25,1.58,0.92,0,0,0,1
151,3,2,0,2,1,2,1.92,0.58,0.83,1.75,0,0,0,2
152,3,1,1,2,2,1,1.33,1.08,1.25,0.58,0,0,0,1
153,3,0,2,3,1,1,1.58,1,1.17,1.67,0,0,0,1
154,2,3,0,3,0,2,1.42,0.83,1,1.5,0,0,0,2
155,1,1,3,3,1,1,1.08,1.23,1.31,1.31,0,0,1,1
156,1,1,3,0,3,2,1.08,1.69,1.08,1.38,0,0,0,2
157,1,1,3,0,3,2,1.15,1.38,0.77,1.15,0,0,0,1
158,0,2,3,3,2,0,0.85,1.15,2,0.62,0,0,0,2
159,4,1,0,2,2,1,1.46,0.85,1.23,1,0,0,0,1
160,2,1,2,2,1,2,0.85,1.85,1.54,1,0,0,0,2
161,1,3,1,3,2,0,1.15,0.54,1.46,0.85,0,0,0,2
162,2,2,1,2,0,3,1.15,1.62,1,1.54,0,0,0,0
163,2,2,1,0,2,3,1.29,1.29,1.07,1.5,0,0,0,2
164,0,3,2,1,2,2,0.79,1.14,1.07,1.21,0,0,0,1
165,3,1,1,2,1,2,1.86,0.71,1.21,1.64,0,2,0,2
166,2,2,1,0,2,3,1.14,0.93,1.14,1.36,0,2,0,1
167,1,1,3,1,1,3,1.43,1.07,0.93,1.07,0,0,0,1
168,2,2,1,3,2,0,1.43,1,1.36,0.79,0,0,0,0
169,3,0,2,3,1,1,1.07,1.5,0.93,1.71,0,0,0,1
170,2,1,2,2,3,0,1.14,1.64,1.29,0.57,0,0,0,1
171,3,2,0,0,1,4,1.2,1.2,1.2,1.2,1,0,0,2
172,3,1,1,1,3,1,1.2,1.2,1.2,1.2,1,0,0,2
173,2,3,0,0,3,2,1.2,1.2,1.2,1.2,0,3,0,2
174,0,2,3,1,2,2,1.2,1.2,1.2,1.2,0,1,0,0
175,2,1,2,0,0,0,1.2,1.2,1.2,1.2,0,0,0,0
176,2,1,2,2,1,2,1.2,1.2,1.2,1.2,1,1,0,1
177,1,2,2,3,2,0,1.2,1.2,1.2,1.2,0,0,1,2
178,1,4,0,2,2,1,1.2,1.2,1.2,1.2,1,0,0,1
179,4,0,1,3,2,0,1,0,2,0,1,0,1,0
180,0,1,4,2,3,0,0,2,2,1,0,1,0,0
181,1,2,2,0,2,3,0,1,1,2,0,0,1,0
182,0,3,2,2,0,3,1,2,0,3,0,1,2,1
183,2,2,1,1,2,2,2,1,2,2,1,0,0,0
184,1,0,0,1,2,2,3,0,3,1,0,0,0,1
185,1,2,2,1,4,0,2,2,1,1,0,0,0,2
186,2,2,1,2,2,1,1,3,1,1,1,0,0,1
187,4,1,0,2,3,0,2.5,0,2,1,1,1,0,0
188,1,2,2,3,0,2,1,1,0.5,1.5,1,0,2,2
189,1,1,3,0,1,4,0.5,2,0.5,2,0,1,0,2
190,2,2,1,1,2,2,2.5,1,0,1,1,0,0,2
191,1,3,1,0,3,2,2.5,1.5,1,1.5,0,0,1,1
192,1,3,1,2,2,1,1,1.5,1,2,0,0,1,2
193,1,3,1,1,1,0,0.5,0.5,2.5,1,0,0,0,2
194,1,3,1,1,2,2,0.5,1.5,2,1.5,0,0,0,2
199,0,2,3,2,2,1,0.33,1.67,1,1,0,1,0,1
195,2,1,2,3,1,1,1.33,1,1.67,0.33,2,0,0,1
196,3,2,0,1,1,3,1.67,0.67,1.33,1.67,2,0,1,1
197,2,0,3,3,2,0,0.67,1.67,2.67,1,2,0,1,2
198,0,0,5,1,3,1,0.67,2.33,2.33,1.67,0,0,1,1
200,0,4,1,2,3,0,1.33,1.67,1,0.33,0,1,0,2
201,2,1,2,2,2,1,0.67,1.67,1,1,0,0,1,1
202,1,1,1,1,1,3,1.67,1.33,1.33,1.67,0,0,0,2
209,1,1,3,1,3,1,1,1.5,1.5,1.5,0,0,0,0
208,2,2,1,0,2,3,1.25,1.25,0.75,1.75,1,0,0,1
207,1,3,1,0,1,4,1,0.75,1,2.25,1,0,0,2
204,2,2,1,2,2,1,2.25,1.5,1.25,1,1,1,1,1
206,1,3,1,3,0,2,1.25,1.25,1.25,1.5,1,0,0,0
203,3,1,1,1,2,2,1.5,0.5,1,1.25,1,1,0,2
205,1,4,0,3,2,0,2.25,1.75,1.25,0.5,0,1,0,2
210,2,1,1,1,2,2,1.5,1,1,1.75,0,0,0,0
211,2,2,1,3,1,1,2.2,1.6,1.4,0.4,1,0,1,1
212,1,2,2,2,3,0,0.8,1.2,2,1.4,1,0,0,2
213,2,2,1,1,2,2,1.4,1.2,1.2,1.6,0,0,1,2
214,3,1,1,2,2,1,1,0.6,1.4,0.8,1,0,0,1
215,3,0,2,1,3,1,1.6,1.4,1.2,1.2,1,0,0,1
216,0,1,4,1,1,3,1,2.4,1,1.6,0,0,0,1
217,0,2,3,2,1,2,0.8,1.6,1.2,1.2,0,0,0,1
218,2,2,1,2,1,2,1.6,1.4,1.2,1.4,1,0,0,2
219,2,2,1,1,3,1,1.33,0.5,1.83,1.5,0,0,1,2
220,1,1,3,2,2,1,1.17,1.67,2,1.5,0,1,0,1
221,2,2,1,2,2,1,1.33,0.83,1,1.17,0,0,1,1
222,1,4,0,3,2,0,1.17,1.17,1.5,1.17,0,0,1,2
223,1,1,3,2,2,1,0.83,1.33,1,0.67,0,0,0,0
224,1,2,2,2,1,2,1,1,1.5,1.33,0,0,0,0
225,1,1,3,0,2,3,1,1.33,0.83,2,0,1,0,1
226,3,2,0,0,3,2,1.5,1.17,0.67,1.33,0,1,2,2
227,1,2,2,2,2,1,1.14,1.57,1.29,0.43,1,0,0,0
228,1,2,2,2,2,1,1.57,1.43,1.29,0.86,1,0,0,0
229,1,3,1,2,3,0,1.86,1.43,1.43,1.14,1,0,0,1
230,2,2,1,0,1,4,1,1.14,0.86,1.43,0,0,0,2
231,2,2,1,1,1,3,1.43,1.43,0.86,1.14,0,0,0,1
232,2,2,1,1,2,2,1.14,0.71,1,1.29,0,1,0,2
233,3,1,1,4,1,0,1.57,1.14,1.57,1,1,0,0,2
234,0,3,2,0,3,2,0.86,1.86,0.57,1.43,0,1,0,1
235,3,2,0,2,2,1,1.5,0.5,1.38,0.75,1,0,0,1
236,1,4,0,0,2,3,1.38,1.13,1.13,1.75,1,0,0,1
237,0,1,4,1,1,3,0.75,1.38,1.38,1.5,0,0,0,1
238,1,2,2,0,4,1,1,1.25,1.75,1.38,0,0,0,1
239,1,2,2,2,2,1,1,1.5,1,1,0,1,0,2
240,4,0,1,1,3,1,1.38,1.25,1.5,1.5,0,0,1,0
241,0,4,1,2,2,1,0.63,1.38,1.38,0.75,0,2,1,2
242,0,4,1,4,1,0,0.88,1.75,1.75,1,0,1,0,1
243,1,4,0,3,2,0,1.33,1.11,1.44,0.56,1,0,0,2
244,2,3,0,0,2,3,1.33,0.78,0.78,1.33,0,0,0,2
245,0,2,3,0,3,2,1.11,1.67,1,1.22,0,0,0,1
246,1,1,3,2,1,2,1.33,1.44,1.22,1.44,0,1,0,2
247,0,5,0,3,0,2,1.67,1.33,1.33,1.33,0,0,1,1
248,2,1,2,1,3,1,1,1.22,0.78,1.22,1,1,1,2
249,2,2,1,0,4,1,1.56,1.44,0.89,1.67,0,1,0,1
250,2,1,2,3,2,0,1.22,0.89,1.67,1,0,0,1,0
254,2,1,2,0,3,2,1.3,1.3,1.1,1.6,0,0,1,1
251,2,2,1,0,2,3,1.3,0.8,0.7,1.3,1,0,0,0
252,0,4,1,2,3,0,1,1.2,1.5,1,0,0,0,1
253,1,1,3,2,3,0,1.2,1.6,1.3,0.7,0,0,1,0
255,1,2,2,1,1,3,0.7,1.3,1.5,1.4,1,0,0,0
256,0,5,0,0,5,0,0.8,1.5,1.6,1.3,1,0,0,2
257,3,2,0,3,1,1,1.7,0.9,1.1,1.1,0,1,0,2
258,2,1,2,2,2,1,1.1,1,1.4,1.3,1,0,0,1
259,0,4,1,2,1,2,0.91,1.09,1.18,0.91,0,0,0,0
260,1,1,3,1,1,3,0.82,1.18,1.18,1.73,0,0,0,2
261,2,3,0,1,2,2,1.36,0.91,1.27,1.27,1,0,0,2
262,3,2,0,1,1,3,1.45,0.73,0.64,1.36,0,0,1,0
263,0,4,1,1,4,0,1.09,1.55,0.91,1.36,1,0,0,2
264,2,1,2,4,1,0,1.55,1.27,1.73,0.82,0,0,1,1
265,0,4,1,2,1,2,1.45,1.36,1.09,1,0,0,1,1
266,2,1,2,1,3,1,1,1.18,1.36,1.27,1,0,0,2
267,2,1,2,1,0,4,1.25,0.92,1.08,1.75,1,0,0,2
268,0,2,3,0,4,1,1.17,1.25,0.92,1.17,0,0,0,1
269,2,1,2,2,1,2,0.83,1.33,0.92,1.08,0,0,0,0
270,1,3,1,2,3,0,0.83,1.33,1.33,0.83,0,0,1,0
271,3,2,0,3,1,1,1.67,0.83,1.42,0.92,1,0,0,2
272,1,2,2,1,3,1,1.08,1,1.08,1.42,0,1,0,0
273,1,3,1,2,2,1,1.25,1.33,1.5,1.25,0,1,0,1
274,3,0,2,0,4,1,1.08,1.08,1.42,1.33,1,0,0,1
275,0,3,2,2,1,2,1.15,1.23,1.38,0.92,0,1,1,2
276,1,0,4,2,0,3,1.08,1.85,0.85,1.46,1,0,0,2
277,0,4,1,1,2,2,0.92,1.15,0.85,1.46,0,0,0,2
278,3,1,1,3,2,0,1.08,1.08,1.69,0.77,2,0,0,2
279,3,2,0,0,2,3,1.46,0.85,1.08,1.08,0,1,0,1
280,2,1,2,1,3,1,1.31,1,1.23,1.31,1,0,0,2
281,2,3,0,2,1,2,1.15,1.38,1.08,1.08,1,0,0,0
282,2,3,0,0,4,1,1.46,1.23,1.38,1.31,0,0,1,1
283,2,0,3,1,0,4,1.36,1,0.79,1.57,1,1,0,2
284,1,1,3,1,3,1,0.79,1.43,1.21,1.21,0,0,1,0
285,3,1,1,1,0,4,1.64,0.86,1.21,1.71,0,0,1,2
286,0,3,2,1,3,1,1,1,0.93,1.07,0,0,0,2
287,0,3,2,4,0,1,1.14,1.36,1.14,1.07,0,1,1,2
288,3,1,1,3,2,0,1.21,1.07,1.36,0.79,0,0,1,1
289,0,4,1,3,0,2,1.36,1.29,1.36,0.93,0,1,0,2
290,2,3,0,2,2,1,1.43,1.21,1.14,1.5,0,1,0,2
291,3,0,2,1,0,4,1.2,1.2,1.2,1.2,2,0,0,2
292,3,1,1,0,0,0,1.2,1.2,1.2,1.2,0,0,0,2
293,1,3,1,1,2,2,1.2,1.2,1.2,1.2,1,0,0,2
294,1,2,2,4,0,1,1.2,1.2,1.2,1.2,1,1,1,2
295,2,2,1,2,3,0,1.2,1.2,1.2,1.2,0,1,1,2
296,1,3,1,2,0,3,1.2,1.2,1.2,1.2,1,1,0,1
297,2,3,0,2,1,2,1.2,1.2,1.2,1.2,1,1,0,2
395,0,0,0,0,0,0,1.2,1.2,1.2,1.2,0,0,0,0
389,0,0,0,0,0,0,1.2,1.2,1.2,1.2,0,0,0,0
390,0,0,0,0,0,0,1.2,1.2,1.2,1.2,0,0,0,2
391,0,0,0,0,0,0,1.2,1.2,1.2,1.2,0,0,0,0
392,0,0,0,0,0,0,1.2,1.2,1.2,1.2,0,0,0,1
393,0,0,0,0,0,0,1.2,1.2,1.2,1.2,0,0,0,2
394,0,0,0,0,0,0,1.2,1.2,1.2,1.2,0,0,0,1
396,0,0,0,0,0,0,1.2,1.2,1.2,1.2,0,0,0,2
300,0,0,1,2,1,2,1,2,1,0,0,0,0,0
298,3,1,1,4,0,1,2,1,1,0,1,0,2,2
299,1,0,4,2,2,1,0,1,3,1,0,1,1,1
301,1,1,3,3,2,0,1,3,2,1,1,0,0,2
302,3,0,2,1,4,0,0,1,1,1,0,2,1,1
303,2,2,1,2,3,0,1,2,1,0,1,0,1,2
304,1,1,3,2,0,3,1,1,0,1,0,1,1,2
398,1,0,0,0,0,1,1,0,0,1,0,0,0,1
399,0,0,1,0,1,0,0,1,0,0,0,0,0,0
400,1,0,0,1,0,0,1,0,1,0,0,0,0,2
401,0,1,0,0,1,0,0,0,1,1,0,0,0,2
402,0,0,1,0,0,1,0,1,0,1,0,0,0,2
403,0,1,0,1,0,0,1,1,2,1,0,0,0,2
404,1,0,0,0,0,1,1,0,1,2,0,0,0,1
397,1,0,0,0,0,1,1,0,0,1,0,0,0,0
309,2,2,1,2,1,2,0.5,0.5,1.5,2,0,1,0,1
308,1,4,0,0,0,2,0.5,0.5,0.5,1.5,0,0,0,2
307,2,2,1,1,1,3,1.5,1.5,0,0.5,0,1,1,2
306,3,1,1,4,0,1,1,0,1.5,0.5,2,0,2,1
305,3,0,2,2,2,1,0.5,0.5,1.5,0.5,1,1,1,2
311,2,1,2,2,2,1,1.5,1,1,1,0,1,1,2
310,1,0,4,2,1,2,0.5,1.5,0,0.5,0,0,1,2
411,0,1,1,1,0,1,1.5,2,1.5,1,0,0,0,2
409,0,0,2,2,0,0,0.5,2,1.5,0,0,0,0,2
408,0,1,1,0,0,2,1,2,0,1,0,0,0,0
407,1,0,1,1,1,0,0.5,1,0.5,0,0,0,0,0
406,1,1,0,1,0,1,0.5,0,0.5,1,0,0,0,2
405,1,0,1,0,1,1,1,0.5,0,0.5,0,0,0,0
412,1,1,0,1,1,0,1.5,1,2,1,0,0,0,2
410,1,0,1,1,1,0,1.5,2,1.5,0.5,0,0,0,1
312,3,1,1,3,0,2,1,0.33,0.67,0.33,2,1,0,2
315,1,1,3,2,2,1,0,0.67,0.67,0.67,0,1,1,1
316,0,0,3,1,0,4,0.33,1.33,1,1.33,0,0,0,2
317,2,1,2,3,1,1,1.33,1.67,1.33,0.67,0,0,1,2
313,2,2,1,3,1,1,1,0.67,1.33,1,2,1,1,2
318,1,1,3,1,2,2,0.33,1,0.67,1,0,0,1,1
314,3,1,1,2,3,0,1.33,0.67,0.67,0.33,3,0,1,2
413,2,1,0,1,0,2,1,0,0.67,1,0,0,0,2
414,1,1,1,1,0,2,0.67,0.33,0.67,1.33,0,0,0,1
415,1,0,2,0,1,2,0.33,1.33,1,2,0,0,0,1
416,2,1,0,1,0,2,1,0.33,1,1.67,0,0,0,2
417,1,0,2,1,1,1,0.67,1,1,1.33,0,0,0,1
418,2,0,1,1,1,1,1.33,0.67,1.67,1.67,0,0,0,2
419,1,2,0,2,1,0,1,0.33,2,1,0,0,0,1
420,1,0,2,1,1,1,1.33,1.33,1.67,1.67,0,0,0,2
323,2,1,2,0,2,3,1,0.75,0.25,0.75,2,0,0,2
319,3,0,2,2,1,2,0.5,0.5,1,1,2,1,0,2
320,2,2,1,4,1,0,0.5,0.75,1,0.25,1,2,1,0
321,2,2,1,3,1,1,0.75,0.75,1,0.5,1,1,0,0
322,1,0,4,4,1,0,0.75,1.25,1.5,0.5,1,0,1,1
324,1,2,2,1,0,3,0.75,1,0.5,1,0,0,0,1
325,0,2,3,2,1,2,0.5,1,1.25,1.25,0,0,1,2
421,1,0,3,1,1,2,0.75,1.25,0.75,1.25,0,0,0,1
428,2,0,2,1,3,0,1.75,1.25,0.75,0.25,0,0,0,2
427,1,1,2,3,0,1,1.5,2,1.75,0.5,0,0,0,2
426,2,2,0,1,1,2,1.5,0.75,1,1.25,0,0,0,0
425,1,1,2,3,1,0,1.25,2,1.5,0.75,0,0,0,0
424,1,2,1,1,1,2,1.25,1.5,0.75,1.5,0,0,0,1
423,1,0,3,1,2,1,1.25,2,0.75,0.5,0,0,0,0
422,0,2,2,3,1,0,1.25,2,1.25,0.25,0,0,0,1
331,0,2,3,1,2,2,0.4,1,0.6,0.8,0,0,1,2
326,1,2,2,3,0,2,0.6,1,0.8,0.4,1,1,1,0
327,2,0,3,1,2,2,0.8,1.2,0.6,0.8,2,0,0,2
328,4,1,0,1,1,3,1.2,0.4,0.8,1.2,1,0,1,2
329,3,1,1,3,1,1,1,0.4,1.2,0.8,1,1,0,2
330,3,2,0,1,2,2,1.4,0.6,0.8,1,1,1,0,2
332,1,1,3,2,1,2,0.6,1,1,1.2,0,0,0,2
436,3,0,2,1,3,1,1.4,0.8,0.6,0.8,0,0,0,2
429,0,3,2,1,1,3,1.4,2,0.8,1.2,0,0,0,2
430,1,2,2,1,0,4,0.8,1.2,1.2,2,0,0,0,0
431,3,2,0,1,3,1,1.4,0.6,1.4,1.6,0,0,0,0
432,2,2,1,1,1,3,1,0.6,1.2,2,0,0,0,1
433,1,2,2,2,2,1,1,1.6,1.4,1,0,0,0,0
434,4,1,0,2,1,2,1.6,0.8,1.6,1.6,0,0,0,2
435,2,1,2,3,0,2,1.2,1.2,2,1,0,0,0,1
339,2,1,2,1,2,2,0.83,1,0.5,0.83,0,0,0,2
338,2,1,2,3,2,0,1,1.33,1.67,0.5,0,0,1,0
337,1,2,2,3,1,1,0.5,0.83,1.17,0.33,0,0,1,0
333,3,0,2,0,2,3,0.83,0.33,0.67,1,1,0,1,2
334,1,1,3,1,1,3,0.67,1.17,0.5,1,0,2,0,1
335,3,0,2,2,0,3,1,1,1,1.17,0,1,1,2
336,1,2,2,4,1,0,0.67,1.33,1.17,0.33,1,0,1,1
340,1,2,2,4,0,1,0.71,1.14,1.14,0.29,1,0,1,1
341,0,2,3,3,0,2,0.57,1.29,1,0.86,1,0,1,1
342,1,1,3,0,3,2,0.57,1,0.57,1.14,1,1,0,2
343,2,0,3,1,1,3,0.86,1.14,0.43,0.86,1,0,0,1
344,3,2,0,1,1,3,1,0.29,1,1.43,0,1,0,2
345,4,0,1,3,1,1,1.14,0.29,0.86,0.86,0,0,0,2
346,3,2,0,1,1,3,1.71,0.57,0.43,0.86,1,0,1,2
349,1,2,2,0,2,3,0.38,0.75,0.63,1.25,0,1,0,2
348,0,3,2,0,3,2,0.63,1.25,0.63,1,1,1,0,2
347,3,1,1,2,1,2,1,0.25,1,0.88,1,1,0,1
